statut_juridique,secteur_activite,taille,region,montant_financement
Coopérative,Tech,Start-up,Casablanca-Settat,560367
Auto-entrepreneur,Tech,PME,Tanger-Tétouan,263772
Coopérative,Commerce,TPE,Autre,51017
Coopérative,Artisanat,TPE,Fès-Meknès,65690
Auto-entrepreneur,Industrie,Start-up,Casablanca-Settat,580045
Auto-entrepreneur,Tourisme,Start-up,Tanger-Tétouan,205219
Coopérative,Artisanat,PME,Fès-Meknès,193117
Personne physique,Artisanat,Start-up,Marrakech-Safi,246815
Coopérative,Tech,Start-up,Fès-Meknès,464251
Coopérative,Artisanat,TPE,Rabat-Salé-Kénitra,50048
Coopérative,Industrie,TPE,Rabat-Salé-Kénitra,73548
Coopérative,Industrie,PME,Marrakech-Safi,288021
Auto-entrepreneur,Agriculture,Start-up,Casablanca-Settat,293624
Coopérative,Industrie,Start-up,Tanger-Tétouan,500762
Personne physique,Industrie,TPE,Fès-Meknès,76314
Auto-entrepreneur,Tech,Start-up,Rabat-Salé-Kénitra,314980
Personne physique,Industrie,TPE,Casablanca-Settat,104833
Personne physique,Agriculture,PME,Marrakech-Safi,107610
Personne physique,Tourisme,TPE,Autre,58221
Personne physique,Tech,Start-up,Rabat-Salé-Kénitra,425739
Auto-entrepreneur,Tourisme,PME,Marrakech-Safi,162562
Auto-entrepreneur,Tech,TPE,Fès-Meknès,88465
Personne physique,Commerce,TPE,Tanger-Tétouan,40628
Personne physique,Artisanat,PME,Rabat-Salé-Kénitra,164172
Auto-entrepreneur,Commerce,PME,Rabat-Salé-Kénitra,139814
Auto-entrepreneur,Industrie,TPE,Fès-Meknès,87181
Auto-entrepreneur,Tourisme,Start-up,Autre,226667
Coopérative,Industrie,TPE,Casablanca-Settat,127523
Coopérative,Artisanat,PME,Tanger-Tétouan,207190
Coopérative,Tech,TPE,Rabat-Salé-Kénitra,73499
Personne physique,Artisanat,PME,Tanger-Tétouan,143858
Coopérative,Agriculture,PME,Rabat-Salé-Kénitra,159109
Personne physique,Artisanat,Start-up,Tanger-Tétouan,245491
Personne physique,Agriculture,PME,Marrakech-Safi,108828
Coopérative,Artisanat,PME,Rabat-Salé-Kénitra,159825
Personne physique,Agriculture,Start-up,Tanger-Tétouan,170521
Coopérative,Tourisme,PME,Casablanca-Settat,267427
Coopérative,Industrie,Start-up,Marrakech-Safi,463563
Auto-entrepreneur,Industrie,Start-up,Marrakech-Safi,311457
Coopérative,Commerce,PME,Casablanca-Settat,223009
Auto-entrepreneur,Industrie,PME,Tanger-Tétouan,213096
Coopérative,Tech,TPE,Fès-Meknès,78542
Coopérative,Artisanat,Start-up,Casablanca-Settat,379939
Auto-entrepreneur,Commerce,TPE,Tanger-Tétouan,46641
Auto-entrepreneur,Tech,PME,Casablanca-Settat,273991
Coopérative,Tech,TPE,Casablanca-Settat,128186
Personne physique,Agriculture,Start-up,Rabat-Salé-Kénitra,177861
Auto-entrepreneur,Industrie,TPE,Tanger-Tétouan,79255
Personne physique,Tourisme,Start-up,Fès-Meknès,257064
Personne physique,Tourisme,PME,Rabat-Salé-Kénitra,154085
Personne physique,Commerce,PME,Casablanca-Settat,207714
Auto-entrepreneur,Tourisme,Start-up,Autre,254838
Personne physique,Artisanat,PME,Casablanca-Settat,224581
Auto-entrepreneur,Tourisme,PME,Casablanca-Settat,208695
Personne physique,Commerce,PME,Tanger-Tétouan,152817
Coopérative,Tourisme,PME,Tanger-Tétouan,203742
Coopérative,Artisanat,Start-up,Rabat-Salé-Kénitra,312737
Auto-entrepreneur,Agriculture,TPE,Fès-Meknès,36658
Coopérative,Commerce,TPE,Rabat-Salé-Kénitra,52970
Coopérative,Agriculture,PME,Marrakech-Safi,123974
Personne physique,Agriculture,TPE,Casablanca-Settat,60308
Auto-entrepreneur,Agriculture,TPE,Autre,43362
Personne physique,Tech,PME,Casablanca-Settat,343673
Personne physique,Industrie,PME,Casablanca-Settat,304585
Personne physique,Tech,TPE,Rabat-Salé-Kénitra,74202
Personne physique,Industrie,Start-up,Autre,308957
Personne physique,Agriculture,PME,Autre,128238
Personne physique,Commerce,Start-up,Autre,258220
Personne physique,Industrie,TPE,Rabat-Salé-Kénitra,89706
Auto-entrepreneur,Artisanat,PME,Casablanca-Settat,174654
Coopérative,Artisanat,Start-up,Rabat-Salé-Kénitra,303688
Personne physique,Tourisme,PME,Tanger-Tétouan,159057
Personne physique,Industrie,TPE,Tanger-Tétouan,79337
Personne physique,Commerce,Start-up,Rabat-Salé-Kénitra,256129
Personne physique,Tech,TPE,Autre,83307
Personne physique,Agriculture,TPE,Casablanca-Settat,45863
Personne physique,Tourisme,PME,Rabat-Salé-Kénitra,163537
Coopérative,Artisanat,Start-up,Rabat-Salé-Kénitra,314368
Coopérative,Tech,TPE,Rabat-Salé-Kénitra,104258
Personne physique,Tech,TPE,Marrakech-Safi,85415
Coopérative,Agriculture,Start-up,Tanger-Tétouan,222254
Auto-entrepreneur,Industrie,TPE,Autre,68287
Personne physique,Artisanat,TPE,Fès-Meknès,59633
Auto-entrepreneur,Commerce,Start-up,Autre,252726
Auto-entrepreneur,Tech,Start-up,Fès-Meknès,435963
Personne physique,Agriculture,Start-up,Marrakech-Safi,173110
Coopérative,Commerce,Start-up,Rabat-Salé-Kénitra,317138
Auto-entrepreneur,Industrie,PME,Marrakech-Safi,252887
Personne physique,Artisanat,Start-up,Marrakech-Safi,294739
Auto-entrepreneur,Industrie,PME,Casablanca-Settat,273468
Auto-entrepreneur,Tech,PME,Tanger-Tétouan,245248
Auto-entrepreneur,Commerce,PME,Fès-Meknès,152328
Auto-entrepreneur,Commerce,TPE,Rabat-Salé-Kénitra,41212
Coopérative,Commerce,PME,Fès-Meknès,193679
Auto-entrepreneur,Tech,PME,Autre,242108
Auto-entrepreneur,Tech,TPE,Fès-Meknès,87918
Auto-entrepreneur,Industrie,TPE,Autre,74919
Coopérative,Tourisme,TPE,Tanger-Tétouan,53526
Auto-entrepreneur,Industrie,Start-up,Autre,306684
Auto-entrepreneur,Artisanat,TPE,Fès-Meknès,48312
Coopérative,Agriculture,TPE,Fès-Meknès,44196
Coopérative,Commerce,PME,Autre,198798
Coopérative,Tourisme,TPE,Marrakech-Safi,56502
Auto-entrepreneur,Agriculture,Start-up,Tanger-Tétouan,235925
Coopérative,Tourisme,TPE,Casablanca-Settat,92424
Coopérative,Industrie,Start-up,Rabat-Salé-Kénitra,471763
Auto-entrepreneur,Tech,TPE,Fès-Meknès,87859
Coopérative,Commerce,TPE,Rabat-Salé-Kénitra,66260
Auto-entrepreneur,Industrie,TPE,Casablanca-Settat,99327
Personne physique,Agriculture,TPE,Rabat-Salé-Kénitra,34884
Coopérative,Agriculture,Start-up,Casablanca-Settat,306833
Personne physique,Agriculture,Start-up,Autre,204869
Auto-entrepreneur,Agriculture,PME,Marrakech-Safi,137470
Coopérative,Agriculture,Start-up,Fès-Meknès,238208
Auto-entrepreneur,Tourisme,TPE,Casablanca-Settat,75339
Personne physique,Industrie,PME,Rabat-Salé-Kénitra,240691
Auto-entrepreneur,Commerce,PME,Fès-Meknès,128219
Coopérative,Tech,PME,Marrakech-Safi,323457
Coopérative,Tech,TPE,Autre,90980
Personne physique,Industrie,Start-up,Fès-Meknès,358778
Auto-entrepreneur,Industrie,TPE,Casablanca-Settat,103705
Coopérative,Tech,PME,Marrakech-Safi,227760
Personne physique,Tech,TPE,Rabat-Salé-Kénitra,79096
Coopérative,Tourisme,TPE,Marrakech-Safi,59957
Coopérative,Artisanat,Start-up,Marrakech-Safi,288800
Auto-entrepreneur,Commerce,Start-up,Tanger-Tétouan,295302
Coopérative,Agriculture,PME,Marrakech-Safi,145298
Auto-entrepreneur,Artisanat,TPE,Marrakech-Safi,44382
Coopérative,Industrie,TPE,Fès-Meknès,88522
Personne physique,Tech,Start-up,Rabat-Salé-Kénitra,437908
Coopérative,Artisanat,TPE,Fès-Meknès,52226
Auto-entrepreneur,Commerce,TPE,Fès-Meknès,44279
Auto-entrepreneur,Industrie,TPE,Casablanca-Settat,78508
Personne physique,Agriculture,Start-up,Fès-Meknès,161135
Coopérative,Agriculture,PME,Tanger-Tétouan,162972
Coopérative,Commerce,PME,Tanger-Tétouan,196712
Personne physique,Commerce,TPE,Casablanca-Settat,61231
Coopérative,Tech,PME,Autre,291417
Coopérative,Agriculture,Start-up,Rabat-Salé-Kénitra,229939
Auto-entrepreneur,Industrie,Start-up,Rabat-Salé-Kénitra,442934
Coopérative,Artisanat,PME,Fès-Meknès,213627
Coopérative,Industrie,PME,Fès-Meknès,258421
Personne physique,Tourisme,TPE,Autre,57084
Personne physique,Tourisme,PME,Fès-Meknès,166385
Auto-entrepreneur,Commerce,TPE,Rabat-Salé-Kénitra,46199
Coopérative,Tech,TPE,Marrakech-Safi,80353
Coopérative,Tourisme,Start-up,Tanger-Tétouan,294988
Coopérative,Agriculture,Start-up,Marrakech-Safi,267009
Auto-entrepreneur,Industrie,Start-up,Marrakech-Safi,444025
Auto-entrepreneur,Industrie,Start-up,Rabat-Salé-Kénitra,414536
Personne physique,Commerce,PME,Marrakech-Safi,171312
Auto-entrepreneur,Artisanat,Start-up,Autre,260306
Coopérative,Commerce,PME,Casablanca-Settat,265394
Coopérative,Artisanat,Start-up,Fès-Meknès,334130
Auto-entrepreneur,Commerce,PME,Casablanca-Settat,185404
Coopérative,Commerce,TPE,Tanger-Tétouan,61247
Coopérative,Commerce,PME,Fès-Meknès,201942
Auto-entrepreneur,Artisanat,PME,Marrakech-Safi,122763
Auto-entrepreneur,Artisanat,Start-up,Tanger-Tétouan,280807
Coopérative,Commerce,PME,Fès-Meknès,156807
Coopérative,Tourisme,TPE,Autre,60352
Coopérative,Tech,TPE,Autre,101097
Personne physique,Tech,Start-up,Autre,338073
Personne physique,Tech,TPE,Autre,67374
Personne physique,Artisanat,PME,Marrakech-Safi,144165
Auto-entrepreneur,Artisanat,TPE,Casablanca-Settat,75260
Personne physique,Tourisme,Start-up,Fès-Meknès,200044
Auto-entrepreneur,Tech,PME,Marrakech-Safi,261124
Auto-entrepreneur,Tech,Start-up,Autre,323071
Personne physique,Commerce,PME,Casablanca-Settat,233226
Personne physique,Artisanat,TPE,Tanger-Tétouan,59096
Personne physique,Tech,Start-up,Tanger-Tétouan,374201
Coopérative,Industrie,Start-up,Tanger-Tétouan,452289
Personne physique,Tourisme,PME,Autre,148892
Coopérative,Industrie,Start-up,Tanger-Tétouan,474379
Auto-entrepreneur,Industrie,PME,Rabat-Salé-Kénitra,188164
Coopérative,Tourisme,PME,Fès-Meknès,146348
Personne physique,Industrie,PME,Fès-Meknès,185193
Auto-entrepreneur,Tech,PME,Autre,219992
Auto-entrepreneur,Artisanat,TPE,Rabat-Salé-Kénitra,45510
Auto-entrepreneur,Tourisme,PME,Marrakech-Safi,157322
Coopérative,Commerce,Start-up,Marrakech-Safi,359093
Personne physique,Industrie,TPE,Tanger-Tétouan,71589
Auto-entrepreneur,Tourisme,Start-up,Casablanca-Settat,334599
Auto-entrepreneur,Agriculture,TPE,Marrakech-Safi,38649
Auto-entrepreneur,Agriculture,PME,Casablanca-Settat,177669
Coopérative,Artisanat,TPE,Fès-Meknès,69653
Coopérative,Tech,TPE,Casablanca-Settat,134660
Personne physique,Artisanat,Start-up,Fès-Meknès,297437
Coopérative,Artisanat,Start-up,Rabat-Salé-Kénitra,243302
Auto-entrepreneur,Artisanat,PME,Rabat-Salé-Kénitra,170388
Personne physique,Artisanat,TPE,Autre,55035
Auto-entrepreneur,Commerce,TPE,Autre,44573
Auto-entrepreneur,Commerce,TPE,Tanger-Tétouan,59126
Coopérative,Tourisme,PME,Marrakech-Safi,154668
Personne physique,Agriculture,PME,Tanger-Tétouan,128618
Coopérative,Artisanat,PME,Fès-Meknès,160192
Coopérative,Tourisme,PME,Tanger-Tétouan,175059
Personne physique,Agriculture,PME,Casablanca-Settat,169675
Auto-entrepreneur,Industrie,Start-up,Fès-Meknès,384498
Auto-entrepreneur,Tech,TPE,Autre,72825
Personne physique,Commerce,TPE,Rabat-Salé-Kénitra,46526
Auto-entrepreneur,Industrie,TPE,Autre,85189
Personne physique,Agriculture,TPE,Marrakech-Safi,34301
Personne physique,Industrie,TPE,Fès-Meknès,72903
Coopérative,Tech,TPE,Fès-Meknès,104535
Personne physique,Agriculture,TPE,Casablanca-Settat,59193
Coopérative,Industrie,TPE,Marrakech-Safi,86433
Auto-entrepreneur,Commerce,Start-up,Rabat-Salé-Kénitra,276310
Auto-entrepreneur,Commerce,TPE,Fès-Meknès,56463
Auto-entrepreneur,Tourisme,Start-up,Fès-Meknès,288888
Auto-entrepreneur,Industrie,PME,Casablanca-Settat,297707
Coopérative,Artisanat,TPE,Tanger-Tétouan,52907
Auto-entrepreneur,Industrie,PME,Rabat-Salé-Kénitra,202977
Personne physique,Agriculture,PME,Autre,110193
Personne physique,Agriculture,PME,Marrakech-Safi,124502
Personne physique,Industrie,Start-up,Fès-Meknès,304921
Coopérative,Tech,PME,Fès-Meknès,284692
Auto-entrepreneur,Commerce,PME,Autre,141861
Auto-entrepreneur,Agriculture,PME,Rabat-Salé-Kénitra,110171
Auto-entrepreneur,Commerce,TPE,Tanger-Tétouan,57589
Coopérative,Agriculture,TPE,Fès-Meknès,47232
Personne physique,Tourisme,Start-up,Rabat-Salé-Kénitra,209505
Personne physique,Artisanat,Start-up,Autre,282674
Auto-entrepreneur,Agriculture,TPE,Casablanca-Settat,42590
Personne physique,Commerce,Start-up,Tanger-Tétouan,272674
Personne physique,Tourisme,TPE,Marrakech-Safi,55478
Coopérative,Agriculture,PME,Fès-Meknès,135509
Coopérative,Tech,PME,Rabat-Salé-Kénitra,305077
Coopérative,Artisanat,Start-up,Casablanca-Settat,392442
Coopérative,Agriculture,TPE,Marrakech-Safi,47295
Auto-entrepreneur,Tourisme,TPE,Rabat-Salé-Kénitra,40908
Coopérative,Tech,Start-up,Rabat-Salé-Kénitra,412205
Personne physique,Industrie,TPE,Marrakech-Safi,87930
Auto-entrepreneur,Tourisme,PME,Casablanca-Settat,186562
Personne physique,Tourisme,Start-up,Autre,254670
Personne physique,Tech,Start-up,Casablanca-Settat,493744
Personne physique,Tourisme,TPE,Tanger-Tétouan,51808
Coopérative,Tech,Start-up,Fès-Meknès,371039
Coopérative,Agriculture,TPE,Marrakech-Safi,45353
Auto-entrepreneur,Tech,TPE,Autre,81693
Auto-entrepreneur,Tech,TPE,Marrakech-Safi,66016
Coopérative,Artisanat,TPE,Marrakech-Safi,52885
Personne physique,Tech,TPE,Casablanca-Settat,78393
Auto-entrepreneur,Tech,Start-up,Fès-Meknès,365622
Coopérative,Industrie,PME,Tanger-Tétouan,311335
Coopérative,Agriculture,PME,Rabat-Salé-Kénitra,118189
Coopérative,Artisanat,Start-up,Rabat-Salé-Kénitra,262934
Personne physique,Industrie,Start-up,Marrakech-Safi,346512
Coopérative,Commerce,PME,Fès-Meknès,196684
Coopérative,Agriculture,PME,Autre,152100
Coopérative,Agriculture,PME,Casablanca-Settat,180905
Coopérative,Commerce,PME,Fès-Meknès,198652
Auto-entrepreneur,Tech,PME,Fès-Meknès,234866
Auto-entrepreneur,Industrie,TPE,Casablanca-Settat,112945
Coopérative,Tourisme,Start-up,Marrakech-Safi,338163
Personne physique,Artisanat,TPE,Fès-Meknès,45056
Auto-entrepreneur,Tourisme,PME,Rabat-Salé-Kénitra,136286
Coopérative,Commerce,PME,Casablanca-Settat,198933
Auto-entrepreneur,Agriculture,PME,Autre,112174
Auto-entrepreneur,Agriculture,TPE,Tanger-Tétouan,47992
Personne physique,Artisanat,TPE,Marrakech-Safi,48115
Coopérative,Agriculture,PME,Casablanca-Settat,166270
Coopérative,Agriculture,TPE,Tanger-Tétouan,53039
Personne physique,Artisanat,TPE,Tanger-Tétouan,50849
Personne physique,Industrie,PME,Autre,193464
Coopérative,Industrie,TPE,Fès-Meknès,85704
Coopérative,Artisanat,Start-up,Autre,289736
Personne physique,Commerce,Start-up,Fès-Meknès,275382
Auto-entrepreneur,Agriculture,Start-up,Fès-Meknès,161653
Auto-entrepreneur,Agriculture,Start-up,Casablanca-Settat,235978
Personne physique,Commerce,PME,Casablanca-Settat,196372
Auto-entrepreneur,Industrie,PME,Marrakech-Safi,204196
Personne physique,Tech,PME,Fès-Meknès,236559
Auto-entrepreneur,Tech,Start-up,Tanger-Tétouan,372280
Auto-entrepreneur,Tech,Start-up,Rabat-Salé-Kénitra,354256
Coopérative,Industrie,TPE,Marrakech-Safi,106171
Coopérative,Industrie,TPE,Casablanca-Settat,123185
Auto-entrepreneur,Commerce,Start-up,Autre,212994
Auto-entrepreneur,Agriculture,Start-up,Marrakech-Safi,204807
Coopérative,Commerce,Start-up,Marrakech-Safi,333687
Coopérative,Commerce,Start-up,Marrakech-Safi,325018
Coopérative,Industrie,TPE,Marrakech-Safi,78195
Personne physique,Tech,Start-up,Rabat-Salé-Kénitra,445862
Auto-entrepreneur,Tourisme,TPE,Autre,48976
Coopérative,Agriculture,Start-up,Autre,207266
Auto-entrepreneur,Industrie,Start-up,Autre,327029
Personne physique,Tech,Start-up,Fès-Meknès,314735
Personne physique,Tourisme,TPE,Tanger-Tétouan,56070
Coopérative,Tourisme,TPE,Autre,50928
Personne physique,Industrie,PME,Marrakech-Safi,191261
Auto-entrepreneur,Artisanat,Start-up,Marrakech-Safi,285047
Coopérative,Agriculture,PME,Autre,135049
Auto-entrepreneur,Tourisme,PME,Autre,121851
Auto-entrepreneur,Industrie,TPE,Marrakech-Safi,61556
Personne physique,Industrie,TPE,Fès-Meknès,64265
Personne physique,Tech,PME,Casablanca-Settat,258967
Personne physique,Artisanat,Start-up,Casablanca-Settat,346469
Personne physique,Agriculture,TPE,Autre,34517
Personne physique,Commerce,Start-up,Rabat-Salé-Kénitra,211887
Coopérative,Tech,Start-up,Autre,497649
Auto-entrepreneur,Tourisme,PME,Autre,160263
Auto-entrepreneur,Tourisme,PME,Casablanca-Settat,189955
Auto-entrepreneur,Tech,PME,Marrakech-Safi,229437
Auto-entrepreneur,Industrie,PME,Autre,208078
Personne physique,Tourisme,TPE,Marrakech-Safi,49650
Auto-entrepreneur,Artisanat,TPE,Marrakech-Safi,50133
Coopérative,Agriculture,PME,Rabat-Salé-Kénitra,137504
Coopérative,Artisanat,TPE,Marrakech-Safi,69757
Auto-entrepreneur,Tourisme,PME,Casablanca-Settat,157252
Auto-entrepreneur,Commerce,Start-up,Fès-Meknès,278217
Coopérative,Agriculture,Start-up,Fès-Meknès,203940
Coopérative,Agriculture,Start-up,Tanger-Tétouan,268564
Personne physique,Tech,PME,Autre,235432
Coopérative,Tech,Start-up,Casablanca-Settat,665327
Personne physique,Commerce,TPE,Marrakech-Safi,41950
Personne physique,Industrie,Start-up,Fès-Meknès,383847
Personne physique,Agriculture,Start-up,Casablanca-Settat,260113
Personne physique,Commerce,Start-up,Fès-Meknès,270619
Personne physique,Tech,TPE,Marrakech-Safi,76028
Auto-entrepreneur,Tech,PME,Fès-Meknès,228666
Coopérative,Agriculture,TPE,Autre,46648
Personne physique,Artisanat,PME,Autre,138530
Coopérative,Tourisme,PME,Tanger-Tétouan,178723
Coopérative,Tech,Start-up,Tanger-Tétouan,381328
Personne physique,Industrie,PME,Fès-Meknès,266536
Auto-entrepreneur,Industrie,TPE,Casablanca-Settat,105862
Personne physique,Tech,TPE,Autre,88574
Auto-entrepreneur,Artisanat,PME,Casablanca-Settat,173684
Coopérative,Artisanat,Start-up,Casablanca-Settat,449177
Auto-entrepreneur,Commerce,Start-up,Fès-Meknès,280878
Auto-entrepreneur,Industrie,TPE,Casablanca-Settat,104408
Auto-entrepreneur,Commerce,Start-up,Autre,262502
Coopérative,Industrie,PME,Marrakech-Safi,250187
Coopérative,Tourisme,PME,Tanger-Tétouan,202781
Auto-entrepreneur,Tourisme,TPE,Marrakech-Safi,50030
Auto-entrepreneur,Agriculture,PME,Casablanca-Settat,129223
Personne physique,Commerce,TPE,Marrakech-Safi,46257
Auto-entrepreneur,Tech,PME,Autre,264176
Personne physique,Commerce,TPE,Autre,57013
Auto-entrepreneur,Tech,Start-up,Casablanca-Settat,581471
Personne physique,Artisanat,PME,Fès-Meknès,157679
Coopérative,Commerce,PME,Marrakech-Safi,161820
Auto-entrepreneur,Artisanat,TPE,Fès-Meknès,43256
Auto-entrepreneur,Tourisme,TPE,Fès-Meknès,43738
Auto-entrepreneur,Tourisme,PME,Rabat-Salé-Kénitra,121187
Auto-entrepreneur,Agriculture,TPE,Casablanca-Settat,49726
Personne physique,Commerce,PME,Tanger-Tétouan,131485
Auto-entrepreneur,Artisanat,Start-up,Autre,241165
Coopérative,Tech,TPE,Autre,105659
Coopérative,Tourisme,PME,Casablanca-Settat,227498
Auto-entrepreneur,Tourisme,Start-up,Tanger-Tétouan,287798
Coopérative,Tech,Start-up,Autre,468990
Auto-entrepreneur,Artisanat,PME,Casablanca-Settat,175276
Auto-entrepreneur,Artisanat,TPE,Autre,47117
Coopérative,Commerce,PME,Fès-Meknès,150042
Auto-entrepreneur,Commerce,Start-up,Marrakech-Safi,233346
Coopérative,Industrie,PME,Marrakech-Safi,289174
Personne physique,Industrie,TPE,Autre,62163
Auto-entrepreneur,Agriculture,Start-up,Rabat-Salé-Kénitra,176432
Personne physique,Tourisme,PME,Tanger-Tétouan,142886
Coopérative,Commerce,TPE,Tanger-Tétouan,71569
Personne physique,Artisanat,Start-up,Tanger-Tétouan,278486
Personne physique,Tech,TPE,Fès-Meknès,82004
Coopérative,Artisanat,Start-up,Tanger-Tétouan,253942
Personne physique,Tourisme,PME,Marrakech-Safi,166859
Personne physique,Industrie,TPE,Fès-Meknès,83558
Coopérative,Artisanat,Start-up,Casablanca-Settat,405772
Personne physique,Agriculture,TPE,Tanger-Tétouan,47845
Coopérative,Tourisme,TPE,Tanger-Tétouan,55806
Personne physique,Industrie,PME,Casablanca-Settat,344128
Coopérative,Tech,TPE,Tanger-Tétouan,104930
Coopérative,Industrie,Start-up,Casablanca-Settat,470686
Personne physique,Agriculture,Start-up,Fès-Meknès,196009
Personne physique,Tourisme,Start-up,Marrakech-Safi,297710
Personne physique,Tech,Start-up,Casablanca-Settat,410108
Auto-entrepreneur,Agriculture,PME,Rabat-Salé-Kénitra,122293
Auto-entrepreneur,Industrie,TPE,Casablanca-Settat,116179
Auto-entrepreneur,Agriculture,PME,Tanger-Tétouan,122663
Coopérative,Tourisme,TPE,Fès-Meknès,52555
Personne physique,Commerce,TPE,Autre,51643
Coopérative,Agriculture,TPE,Fès-Meknès,42325
Auto-entrepreneur,Agriculture,PME,Autre,120945
Personne physique,Industrie,TPE,Casablanca-Settat,80887
Coopérative,Industrie,PME,Marrakech-Safi,281392
Personne physique,Tech,Start-up,Rabat-Salé-Kénitra,377518
Coopérative,Industrie,Start-up,Fès-Meknès,493229
Personne physique,Artisanat,TPE,Tanger-Tétouan,52614
Auto-entrepreneur,Tourisme,PME,Autre,152976
Auto-entrepreneur,Tourisme,Start-up,Tanger-Tétouan,268977
Personne physique,Commerce,PME,Marrakech-Safi,128636
Coopérative,Commerce,PME,Autre,186865
Auto-entrepreneur,Tourisme,TPE,Fès-Meknès,43442
Auto-entrepreneur,Commerce,Start-up,Casablanca-Settat,380317
Auto-entrepreneur,Tech,TPE,Tanger-Tétouan,62050
Personne physique,Industrie,TPE,Marrakech-Safi,72911
Personne physique,Tourisme,Start-up,Fès-Meknès,269579
Coopérative,Commerce,Start-up,Fès-Meknès,294962
Coopérative,Tourisme,PME,Fès-Meknès,150630
Coopérative,Artisanat,Start-up,Fès-Meknès,306405
Personne physique,Agriculture,PME,Autre,126798
Personne physique,Industrie,PME,Fès-Meknès,243341
Coopérative,Tourisme,PME,Tanger-Tétouan,170874
Coopérative,Agriculture,Start-up,Marrakech-Safi,246111
Personne physique,Commerce,TPE,Autre,49013
Coopérative,Agriculture,PME,Fès-Meknès,153910
Auto-entrepreneur,Industrie,TPE,Rabat-Salé-Kénitra,77506
Personne physique,Tourisme,TPE,Rabat-Salé-Kénitra,50515
Coopérative,Artisanat,Start-up,Marrakech-Safi,269942
Personne physique,Commerce,TPE,Casablanca-Settat,52052
Auto-entrepreneur,Tourisme,TPE,Casablanca-Settat,56526
Personne physique,Industrie,Start-up,Autre,317559
Personne physique,Commerce,PME,Autre,146945
Personne physique,Tech,TPE,Autre,78367
Personne physique,Agriculture,Start-up,Casablanca-Settat,230160
Auto-entrepreneur,Industrie,TPE,Rabat-Salé-Kénitra,88171
Personne physique,Tech,TPE,Casablanca-Settat,78260
Personne physique,Tourisme,PME,Tanger-Tétouan,166338
Coopérative,Artisanat,TPE,Fès-Meknès,63004
Personne physique,Commerce,Start-up,Autre,237355
Coopérative,Agriculture,TPE,Rabat-Salé-Kénitra,39369
Auto-entrepreneur,Commerce,PME,Marrakech-Safi,157649
Auto-entrepreneur,Tourisme,PME,Marrakech-Safi,143136
Auto-entrepreneur,Commerce,Start-up,Fès-Meknès,293626
Auto-entrepreneur,Agriculture,PME,Rabat-Salé-Kénitra,122015
Coopérative,Tourisme,TPE,Casablanca-Settat,91717
Personne physique,Commerce,PME,Casablanca-Settat,173197
Auto-entrepreneur,Artisanat,Start-up,Tanger-Tétouan,272572
Personne physique,Industrie,PME,Tanger-Tétouan,235552
Coopérative,Tourisme,PME,Casablanca-Settat,256408
Coopérative,Industrie,PME,Marrakech-Safi,239184
Coopérative,Tourisme,Start-up,Autre,319799
Auto-entrepreneur,Artisanat,PME,Marrakech-Safi,149882
Personne physique,Industrie,PME,Tanger-Tétouan,246854
Personne physique,Tech,TPE,Fès-Meknès,69811
Personne physique,Agriculture,Start-up,Casablanca-Settat,300565
Coopérative,Tech,PME,Tanger-Tétouan,225104
Auto-entrepreneur,Commerce,Start-up,Tanger-Tétouan,280718
Coopérative,Artisanat,PME,Autre,206015
Coopérative,Tech,PME,Casablanca-Settat,395542
Personne physique,Tourisme,PME,Autre,150763
Coopérative,Commerce,TPE,Casablanca-Settat,76077
Personne physique,Commerce,TPE,Autre,59925
Auto-entrepreneur,Tech,TPE,Marrakech-Safi,66875
Personne physique,Tech,Start-up,Fès-Meknès,382031
Auto-entrepreneur,Artisanat,Start-up,Fès-Meknès,267067
Personne physique,Agriculture,TPE,Casablanca-Settat,56178
Coopérative,Tech,Start-up,Rabat-Salé-Kénitra,396724
Coopérative,Tech,PME,Tanger-Tétouan,286631
Auto-entrepreneur,Industrie,PME,Tanger-Tétouan,253653
Auto-entrepreneur,Tourisme,PME,Casablanca-Settat,159901
Auto-entrepreneur,Industrie,TPE,Autre,87345
Personne physique,Industrie,Start-up,Rabat-Salé-Kénitra,304425
Personne physique,Commerce,TPE,Marrakech-Safi,47119
Auto-entrepreneur,Agriculture,Start-up,Autre,161265
Coopérative,Tourisme,PME,Autre,149554
Personne physique,Artisanat,TPE,Casablanca-Settat,75690
Personne physique,Artisanat,Start-up,Casablanca-Settat,306131
Personne physique,Tech,Start-up,Tanger-Tétouan,363715
Auto-entrepreneur,Tech,PME,Casablanca-Settat,259195
Auto-entrepreneur,Artisanat,TPE,Casablanca-Settat,67524
Auto-entrepreneur,Tech,TPE,Casablanca-Settat,101197
Auto-entrepreneur,Agriculture,TPE,Tanger-Tétouan,37955
Auto-entrepreneur,Industrie,PME,Marrakech-Safi,209973
Coopérative,Tech,TPE,Marrakech-Safi,103858
Coopérative,Commerce,PME,Casablanca-Settat,223075
Auto-entrepreneur,Tech,PME,Tanger-Tétouan,224415
Personne physique,Tourisme,PME,Marrakech-Safi,136998
Auto-entrepreneur,Agriculture,Start-up,Autre,222941
Coopérative,Tourisme,TPE,Marrakech-Safi,57538
Coopérative,Tourisme,TPE,Marrakech-Safi,60326
Personne physique,Commerce,PME,Tanger-Tétouan,135201
Coopérative,Agriculture,PME,Autre,172089
Auto-entrepreneur,Agriculture,TPE,Tanger-Tétouan,36663
Personne physique,Agriculture,PME,Casablanca-Settat,172894
Auto-entrepreneur,Agriculture,TPE,Fès-Meknès,38839
Auto-entrepreneur,Agriculture,Start-up,Marrakech-Safi,176497
Personne physique,Commerce,PME,Fès-Meknès,167983
Auto-entrepreneur,Tech,TPE,Tanger-Tétouan,70008
Coopérative,Tourisme,PME,Tanger-Tétouan,206293
Auto-entrepreneur,Agriculture,TPE,Tanger-Tétouan,46644
Personne physique,Tech,TPE,Fès-Meknès,85794
Personne physique,Tech,PME,Tanger-Tétouan,183150
Personne physique,Tourisme,Start-up,Casablanca-Settat,362358
Auto-entrepreneur,Commerce,TPE,Tanger-Tétouan,48226
Personne physique,Artisanat,TPE,Rabat-Salé-Kénitra,57474
Personne physique,Artisanat,TPE,Fès-Meknès,52759
Auto-entrepreneur,Tech,Start-up,Rabat-Salé-Kénitra,425046
Coopérative,Industrie,Start-up,Tanger-Tétouan,449897
Auto-entrepreneur,Industrie,PME,Casablanca-Settat,296597
Personne physique,Tourisme,Start-up,Marrakech-Safi,214438
Personne physique,Artisanat,PME,Autre,167039
Auto-entrepreneur,Tech,PME,Autre,217745
Coopérative,Commerce,Start-up,Tanger-Tétouan,300009
Personne physique,Artisanat,PME,Casablanca-Settat,217237
Personne physique,Tech,Start-up,Fès-Meknès,389826
Personne physique,Tech,PME,Rabat-Salé-Kénitra,198098
Auto-entrepreneur,Agriculture,Start-up,Rabat-Salé-Kénitra,207218
Personne physique,Commerce,Start-up,Rabat-Salé-Kénitra,240763
Coopérative,Agriculture,PME,Fès-Meknès,142244
Personne physique,Tourisme,TPE,Autre,40566
Personne physique,Agriculture,PME,Casablanca-Settat,137905
Coopérative,Agriculture,Start-up,Fès-Meknès,218979
Personne physique,Artisanat,TPE,Rabat-Salé-Kénitra,54259
Auto-entrepreneur,Industrie,PME,Tanger-Tétouan,181034
Auto-entrepreneur,Tech,PME,Marrakech-Safi,216789
Auto-entrepreneur,Commerce,PME,Fès-Meknès,175441
Coopérative,Agriculture,TPE,Fès-Meknès,40548
Personne physique,Commerce,Start-up,Casablanca-Settat,327135
Auto-entrepreneur,Industrie,PME,Casablanca-Settat,326023
Coopérative,Industrie,PME,Fès-Meknès,317793
Personne physique,Agriculture,PME,Rabat-Salé-Kénitra,131845
Coopérative,Tourisme,PME,Marrakech-Safi,195880
Auto-entrepreneur,Agriculture,PME,Casablanca-Settat,176372
Auto-entrepreneur,Artisanat,Start-up,Rabat-Salé-Kénitra,244620
Auto-entrepreneur,Tech,Start-up,Tanger-Tétouan,420876
Coopérative,Tourisme,PME,Casablanca-Settat,187945
Coopérative,Agriculture,TPE,Rabat-Salé-Kénitra,56151
Auto-entrepreneur,Commerce,Start-up,Rabat-Salé-Kénitra,244330
Coopérative,Tourisme,TPE,Marrakech-Safi,61281
Auto-entrepreneur,Tourisme,Start-up,Marrakech-Safi,225488
Auto-entrepreneur,Agriculture,PME,Tanger-Tétouan,131641
Personne physique,Tourisme,Start-up,Rabat-Salé-Kénitra,207663
Coopérative,Commerce,PME,Autre,206829
Auto-entrepreneur,Industrie,Start-up,Rabat-Salé-Kénitra,424217
Auto-entrepreneur,Tourisme,PME,Marrakech-Safi,132963
Coopérative,Industrie,PME,Autre,303407
Personne physique,Commerce,PME,Casablanca-Settat,217335
Personne physique,Agriculture,PME,Casablanca-Settat,164250
Auto-entrepreneur,Tech,TPE,Fès-Meknès,71205
Coopérative,Tourisme,PME,Marrakech-Safi,163547
Personne physique,Tech,TPE,Fès-Meknès,66953
Coopérative,Commerce,TPE,Autre,55646
Coopérative,Tourisme,PME,Marrakech-Safi,209056
Auto-entrepreneur,Industrie,TPE,Tanger-Tétouan,62329
Personne physique,Artisanat,Start-up,Rabat-Salé-Kénitra,282887
Auto-entrepreneur,Tech,PME,Tanger-Tétouan,211400
Personne physique,Tourisme,TPE,Autre,50431
Personne physique,Tech,PME,Marrakech-Safi,251503
Personne physique,Tourisme,PME,Autre,173062
Personne physique,Agriculture,PME,Rabat-Salé-Kénitra,112549
Personne physique,Industrie,TPE,Casablanca-Settat,96011
Coopérative,Tech,Start-up,Casablanca-Settat,564996
Auto-entrepreneur,Artisanat,Start-up,Autre,201325
Coopérative,Artisanat,TPE,Fès-Meknès,55102
Personne physique,Commerce,PME,Marrakech-Safi,147551
Auto-entrepreneur,Tourisme,TPE,Marrakech-Safi,48221
Personne physique,Tech,TPE,Casablanca-Settat,106155
Auto-entrepreneur,Commerce,TPE,Tanger-Tétouan,47696
Coopérative,Tech,PME,Rabat-Salé-Kénitra,268852
Auto-entrepreneur,Tourisme,TPE,Tanger-Tétouan,48592
Auto-entrepreneur,Artisanat,PME,Tanger-Tétouan,164437
Auto-entrepreneur,Agriculture,TPE,Autre,45807
Auto-entrepreneur,Artisanat,Start-up,Casablanca-Settat,329145
Auto-entrepreneur,Commerce,TPE,Casablanca-Settat,72525
Personne physique,Industrie,TPE,Casablanca-Settat,89574
Auto-entrepreneur,Agriculture,Start-up,Autre,203309
Auto-entrepreneur,Commerce,PME,Fès-Meknès,140713
Coopérative,Tourisme,PME,Tanger-Tétouan,173822
Auto-entrepreneur,Agriculture,TPE,Autre,43718
Coopérative,Commerce,Start-up,Marrakech-Safi,345799
Personne physique,Tourisme,PME,Rabat-Salé-Kénitra,127289
Auto-entrepreneur,Artisanat,TPE,Fès-Meknès,52692
Coopérative,Industrie,Start-up,Marrakech-Safi,464785
Coopérative,Tourisme,PME,Tanger-Tétouan,152525
Personne physique,Tech,PME,Casablanca-Settat,258791
Auto-entrepreneur,Tourisme,Start-up,Tanger-Tétouan,231100
Auto-entrepreneur,Tourisme,Start-up,Autre,216693
Coopérative,Industrie,Start-up,Rabat-Salé-Kénitra,403871
Auto-entrepreneur,Tech,Start-up,Autre,340140
Coopérative,Commerce,TPE,Fès-Meknès,56056
Auto-entrepreneur,Commerce,Start-up,Fès-Meknès,274939
Coopérative,Tourisme,PME,Rabat-Salé-Kénitra,185177
Auto-entrepreneur,Tech,PME,Marrakech-Safi,268762
Personne physique,Tech,TPE,Marrakech-Safi,72442
Auto-entrepreneur,Industrie,PME,Fès-Meknès,247847
Auto-entrepreneur,Artisanat,PME,Fès-Meknès,172288
Personne physique,Commerce,Start-up,Casablanca-Settat,348267
Auto-entrepreneur,Industrie,PME,Marrakech-Safi,217067
Personne physique,Agriculture,TPE,Rabat-Salé-Kénitra,44057
Auto-entrepreneur,Commerce,Start-up,Marrakech-Safi,220366
Coopérative,Industrie,Start-up,Casablanca-Settat,544647
Coopérative,Commerce,TPE,Autre,61120
Auto-entrepreneur,Artisanat,Start-up,Fès-Meknès,257540
Auto-entrepreneur,Agriculture,Start-up,Fès-Meknès,161771
Auto-entrepreneur,Artisanat,TPE,Casablanca-Settat,76572
Coopérative,Agriculture,Start-up,Rabat-Salé-Kénitra,258876
Auto-entrepreneur,Tourisme,TPE,Fès-Meknès,49914
Coopérative,Industrie,TPE,Tanger-Tétouan,105592
Personne physique,Agriculture,PME,Fès-Meknès,117076
Coopérative,Artisanat,PME,Tanger-Tétouan,214591
Coopérative,Commerce,Start-up,Casablanca-Settat,391916
Personne physique,Agriculture,Start-up,Casablanca-Settat,219885
Coopérative,Industrie,TPE,Fès-Meknès,99532
Auto-entrepreneur,Agriculture,Start-up,Marrakech-Safi,214311
Auto-entrepreneur,Tech,TPE,Tanger-Tétouan,83189
Coopérative,Commerce,TPE,Rabat-Salé-Kénitra,70834
Auto-entrepreneur,Industrie,Start-up,Fès-Meknès,416473
Coopérative,Industrie,TPE,Rabat-Salé-Kénitra,94008
Auto-entrepreneur,Tourisme,PME,Fès-Meknès,171438
Auto-entrepreneur,Artisanat,Start-up,Marrakech-Safi,267324
Coopérative,Tourisme,PME,Marrakech-Safi,173384
Auto-entrepreneur,Industrie,Start-up,Marrakech-Safi,432842
Coopérative,Commerce,TPE,Autre,53325
Auto-entrepreneur,Agriculture,Start-up,Marrakech-Safi,217171
Auto-entrepreneur,Agriculture,PME,Casablanca-Settat,179809
Personne physique,Commerce,TPE,Casablanca-Settat,71014
Personne physique,Industrie,Start-up,Autre,404591
Coopérative,Agriculture,Start-up,Tanger-Tétouan,264253
Personne physique,Agriculture,Start-up,Rabat-Salé-Kénitra,197204
Coopérative,Agriculture,PME,Fès-Meknès,165552
Personne physique,Artisanat,PME,Fès-Meknès,132206
Auto-entrepreneur,Artisanat,Start-up,Autre,212738
Coopérative,Tech,TPE,Casablanca-Settat,106961
Coopérative,Tourisme,TPE,Fès-Meknès,60757
Auto-entrepreneur,Commerce,PME,Casablanca-Settat,195823
Coopérative,Commerce,TPE,Tanger-Tétouan,67694
Coopérative,Commerce,PME,Rabat-Salé-Kénitra,173128
Personne physique,Tech,Start-up,Tanger-Tétouan,372651
Coopérative,Artisanat,PME,Autre,144962
Auto-entrepreneur,Industrie,PME,Marrakech-Safi,216876
Personne physique,Industrie,Start-up,Marrakech-Safi,397166
Personne physique,Tech,TPE,Marrakech-Safi,60465
Auto-entrepreneur,Industrie,PME,Tanger-Tétouan,205279
Auto-entrepreneur,Commerce,PME,Fès-Meknès,132477
Personne physique,Tourisme,Start-up,Rabat-Salé-Kénitra,204198
Coopérative,Agriculture,TPE,Marrakech-Safi,47601
Personne physique,Artisanat,PME,Autre,130903
Auto-entrepreneur,Artisanat,Start-up,Autre,274308
Personne physique,Tech,PME,Marrakech-Safi,256313
Auto-entrepreneur,Artisanat,Start-up,Marrakech-Safi,254558
Personne physique,Commerce,TPE,Rabat-Salé-Kénitra,59634
Coopérative,Industrie,TPE,Marrakech-Safi,88217
Personne physique,Commerce,TPE,Rabat-Salé-Kénitra,50267
Personne physique,Tech,TPE,Autre,89676
Auto-entrepreneur,Commerce,PME,Marrakech-Safi,133892
Auto-entrepreneur,Industrie,PME,Tanger-Tétouan,264829
Auto-entrepreneur,Tourisme,TPE,Tanger-Tétouan,40856
Personne physique,Tech,TPE,Autre,73391
Coopérative,Tourisme,TPE,Rabat-Salé-Kénitra,49680
Auto-entrepreneur,Agriculture,PME,Tanger-Tétouan,131003
Auto-entrepreneur,Tourisme,TPE,Rabat-Salé-Kénitra,52168
Personne physique,Agriculture,TPE,Tanger-Tétouan,43306
Auto-entrepreneur,Agriculture,TPE,Tanger-Tétouan,37991
Coopérative,Tourisme,Start-up,Rabat-Salé-Kénitra,284337
Coopérative,Tech,TPE,Fès-Meknès,73631
Auto-entrepreneur,Industrie,Start-up,Tanger-Tétouan,352491
Auto-entrepreneur,Commerce,Start-up,Marrakech-Safi,292928
Personne physique,Commerce,TPE,Autre,47584
Coopérative,Industrie,Start-up,Fès-Meknès,509646
Coopérative,Agriculture,TPE,Rabat-Salé-Kénitra,54572
Auto-entrepreneur,Agriculture,PME,Fès-Meknès,113915
Personne physique,Tech,PME,Casablanca-Settat,307942
Coopérative,Artisanat,PME,Casablanca-Settat,196126
Coopérative,Tourisme,PME,Tanger-Tétouan,151464
Personne physique,Agriculture,Start-up,Tanger-Tétouan,163892
Personne physique,Commerce,TPE,Marrakech-Safi,51620
Coopérative,Tech,TPE,Autre,87338
Coopérative,Tourisme,TPE,Fès-Meknès,61152
Personne physique,Tech,PME,Casablanca-Settat,294965
Coopérative,Tourisme,PME,Tanger-Tétouan,169214
Auto-entrepreneur,Tourisme,TPE,Autre,53549
Auto-entrepreneur,Industrie,PME,Fès-Meknès,248265
Personne physique,Agriculture,TPE,Tanger-Tétouan,32234
Personne physique,Tech,TPE,Tanger-Tétouan,66217
Personne physique,Tech,TPE,Casablanca-Settat,105816
Auto-entrepreneur,Industrie,TPE,Casablanca-Settat,93078
Coopérative,Commerce,TPE,Tanger-Tétouan,63899
Auto-entrepreneur,Commerce,TPE,Rabat-Salé-Kénitra,46939
Coopérative,Agriculture,TPE,Tanger-Tétouan,45902
Auto-entrepreneur,Agriculture,PME,Autre,103616
Coopérative,Artisanat,TPE,Tanger-Tétouan,54197
Auto-entrepreneur,Industrie,TPE,Marrakech-Safi,78162
Personne physique,Commerce,PME,Marrakech-Safi,145989
Auto-entrepreneur,Tourisme,PME,Marrakech-Safi,166458
Coopérative,Tech,PME,Rabat-Salé-Kénitra,308079
Auto-entrepreneur,Agriculture,TPE,Rabat-Salé-Kénitra,40666
Auto-entrepreneur,Tech,Start-up,Tanger-Tétouan,413740
Auto-entrepreneur,Tech,Start-up,Marrakech-Safi,346035
Personne physique,Artisanat,PME,Rabat-Salé-Kénitra,144898
Auto-entrepreneur,Commerce,Start-up,Casablanca-Settat,352661
Personne physique,Agriculture,PME,Tanger-Tétouan,114538
Personne physique,Tech,TPE,Autre,77655
Auto-entrepreneur,Agriculture,Start-up,Fès-Meknès,174829
Auto-entrepreneur,Tourisme,TPE,Tanger-Tétouan,51995
Auto-entrepreneur,Artisanat,Start-up,Fès-Meknès,286151
Coopérative,Tourisme,TPE,Marrakech-Safi,68847
Auto-entrepreneur,Agriculture,Start-up,Fès-Meknès,217947
Personne physique,Agriculture,TPE,Marrakech-Safi,43932
Auto-entrepreneur,Commerce,TPE,Casablanca-Settat,66506
Coopérative,Tech,Start-up,Fès-Meknès,465240
Auto-entrepreneur,Tech,TPE,Tanger-Tétouan,64009
Coopérative,Tourisme,TPE,Marrakech-Safi,58652
Coopérative,Artisanat,TPE,Tanger-Tétouan,58818
Auto-entrepreneur,Industrie,Start-up,Rabat-Salé-Kénitra,443774
Personne physique,Tech,Start-up,Marrakech-Safi,364663
Coopérative,Commerce,TPE,Fès-Meknès,61184
Auto-entrepreneur,Tourisme,TPE,Marrakech-Safi,50665
Auto-entrepreneur,Tourisme,Start-up,Tanger-Tétouan,263676
Personne physique,Industrie,Start-up,Casablanca-Settat,535905
Coopérative,Commerce,TPE,Marrakech-Safi,53401
Coopérative,Artisanat,TPE,Fès-Meknès,60689
Auto-entrepreneur,Commerce,TPE,Rabat-Salé-Kénitra,56518
Auto-entrepreneur,Artisanat,PME,Autre,147786
Personne physique,Commerce,Start-up,Casablanca-Settat,296199
Personne physique,Commerce,PME,Rabat-Salé-Kénitra,159282
Coopérative,Agriculture,Start-up,Marrakech-Safi,271081
Coopérative,Tourisme,Start-up,Tanger-Tétouan,247576
Auto-entrepreneur,Commerce,Start-up,Tanger-Tétouan,277679
Coopérative,Industrie,Start-up,Fès-Meknès,507896
Personne physique,Commerce,Start-up,Tanger-Tétouan,246152
Personne physique,Tech,Start-up,Casablanca-Settat,581744
Auto-entrepreneur,Tourisme,Start-up,Tanger-Tétouan,278670
Personne physique,Tech,PME,Fès-Meknès,249629
Personne physique,Tourisme,TPE,Autre,54956
Personne physique,Tech,TPE,Marrakech-Safi,64518
Personne physique,Commerce,PME,Marrakech-Safi,133033
Auto-entrepreneur,Commerce,PME,Tanger-Tétouan,147839
Auto-entrepreneur,Agriculture,PME,Rabat-Salé-Kénitra,108672
Coopérative,Industrie,PME,Marrakech-Safi,260846
Personne physique,Tech,Start-up,Autre,433269
Coopérative,Artisanat,TPE,Tanger-Tétouan,67783
Auto-entrepreneur,Agriculture,Start-up,Fès-Meknès,210403
Auto-entrepreneur,Tech,TPE,Autre,85743
Auto-entrepreneur,Tech,TPE,Tanger-Tétouan,83513
Auto-entrepreneur,Agriculture,PME,Autre,116591
Auto-entrepreneur,Commerce,Start-up,Marrakech-Safi,220106
Auto-entrepreneur,Tech,PME,Fès-Meknès,226278
Auto-entrepreneur,Commerce,Start-up,Tanger-Tétouan,273622
Personne physique,Agriculture,TPE,Casablanca-Settat,50677
Coopérative,Commerce,PME,Fès-Meknès,192007
Auto-entrepreneur,Tourisme,PME,Casablanca-Settat,163357
Personne physique,Artisanat,TPE,Autre,54960
Personne physique,Tech,TPE,Rabat-Salé-Kénitra,84381
Coopérative,Industrie,TPE,Fès-Meknès,97446
Auto-entrepreneur,Artisanat,PME,Autre,178035
Coopérative,Commerce,Start-up,Casablanca-Settat,440957
Auto-entrepreneur,Tech,PME,Marrakech-Safi,261278
Personne physique,Commerce,Start-up,Marrakech-Safi,293357
Personne physique,Tourisme,PME,Rabat-Salé-Kénitra,168080
Personne physique,Agriculture,PME,Fès-Meknès,128364
Personne physique,Tech,TPE,Fès-Meknès,60171
Coopérative,Tourisme,Start-up,Fès-Meknès,295899
Auto-entrepreneur,Tourisme,PME,Autre,154269
Auto-entrepreneur,Tech,PME,Rabat-Salé-Kénitra,207362
Coopérative,Commerce,TPE,Fès-Meknès,55634
Auto-entrepreneur,Industrie,TPE,Autre,88834
Personne physique,Tourisme,Start-up,Marrakech-Safi,289171
Auto-entrepreneur,Artisanat,PME,Casablanca-Settat,222235
Personne physique,Tourisme,Start-up,Autre,240601
Coopérative,Industrie,PME,Marrakech-Safi,217479
Auto-entrepreneur,Commerce,Start-up,Marrakech-Safi,208022
Coopérative,Commerce,TPE,Casablanca-Settat,72140
Auto-entrepreneur,Artisanat,PME,Marrakech-Safi,120944
Personne physique,Tourisme,Start-up,Rabat-Salé-Kénitra,201714
Coopérative,Commerce,TPE,Casablanca-Settat,90998
Auto-entrepreneur,Industrie,TPE,Marrakech-Safi,81184
Personne physique,Tech,Start-up,Tanger-Tétouan,346343
Coopérative,Agriculture,PME,Autre,122840
Coopérative,Agriculture,PME,Marrakech-Safi,144670
Auto-entrepreneur,Agriculture,TPE,Rabat-Salé-Kénitra,32085
Auto-entrepreneur,Tourisme,PME,Fès-Meknès,176304
Auto-entrepreneur,Artisanat,PME,Marrakech-Safi,144888
Personne physique,Commerce,PME,Fès-Meknès,144140
Auto-entrepreneur,Tech,TPE,Tanger-Tétouan,71717
Coopérative,Industrie,Start-up,Marrakech-Safi,372479
Coopérative,Tech,PME,Casablanca-Settat,370420
Auto-entrepreneur,Industrie,TPE,Fès-Meknès,81990
Auto-entrepreneur,Tourisme,TPE,Tanger-Tétouan,53522
Coopérative,Agriculture,Start-up,Casablanca-Settat,266876
Personne physique,Tourisme,PME,Casablanca-Settat,201149
Auto-entrepreneur,Artisanat,PME,Casablanca-Settat,200419
Auto-entrepreneur,Artisanat,Start-up,Casablanca-Settat,372893
Coopérative,Industrie,Start-up,Marrakech-Safi,428242
Auto-entrepreneur,Commerce,TPE,Autre,47429
Personne physique,Commerce,TPE,Marrakech-Safi,52370
Coopérative,Industrie,Start-up,Marrakech-Safi,473953
Auto-entrepreneur,Artisanat,PME,Tanger-Tétouan,148157
Coopérative,Artisanat,TPE,Tanger-Tétouan,58633
Auto-entrepreneur,Artisanat,TPE,Autre,49882
Auto-entrepreneur,Tourisme,PME,Tanger-Tétouan,171662
Auto-entrepreneur,Artisanat,TPE,Rabat-Salé-Kénitra,49223
Personne physique,Tech,PME,Autre,264593
Personne physique,Agriculture,PME,Tanger-Tétouan,120192
Coopérative,Artisanat,PME,Autre,212342
Auto-entrepreneur,Industrie,Start-up,Marrakech-Safi,424924
Auto-entrepreneur,Agriculture,Start-up,Marrakech-Safi,188994
Personne physique,Tourisme,Start-up,Autre,286364
Auto-entrepreneur,Industrie,PME,Rabat-Salé-Kénitra,189905
Personne physique,Agriculture,PME,Rabat-Salé-Kénitra,140402
Auto-entrepreneur,Industrie,Start-up,Autre,394746
Coopérative,Tourisme,TPE,Tanger-Tétouan,49305
Auto-entrepreneur,Tech,PME,Fès-Meknès,237983
Auto-entrepreneur,Tourisme,TPE,Rabat-Salé-Kénitra,59484
Personne physique,Tourisme,TPE,Casablanca-Settat,53814
Auto-entrepreneur,Industrie,PME,Marrakech-Safi,229921
Auto-entrepreneur,Commerce,PME,Autre,164867
Personne physique,Artisanat,TPE,Casablanca-Settat,73066
Coopérative,Artisanat,TPE,Autre,57931
Coopérative,Tech,Start-up,Marrakech-Safi,396749
Personne physique,Tech,Start-up,Marrakech-Safi,306351
Personne physique,Artisanat,PME,Rabat-Salé-Kénitra,154783
Personne physique,Commerce,Start-up,Rabat-Salé-Kénitra,245291
Personne physique,Artisanat,Start-up,Casablanca-Settat,383336
Personne physique,Commerce,Start-up,Autre,206060
Coopérative,Tech,Start-up,Marrakech-Safi,483371
Coopérative,Agriculture,TPE,Casablanca-Settat,50543
Personne physique,Industrie,PME,Fès-Meknès,195429
Auto-entrepreneur,Tech,Start-up,Casablanca-Settat,478447
Personne physique,Tech,TPE,Tanger-Tétouan,73646
Auto-entrepreneur,Tourisme,TPE,Casablanca-Settat,69828
Personne physique,Tourisme,TPE,Tanger-Tétouan,58204
Personne physique,Tourisme,Start-up,Tanger-Tétouan,263903
Coopérative,Industrie,Start-up,Tanger-Tétouan,531636
Auto-entrepreneur,Tourisme,PME,Fès-Meknès,172896
Auto-entrepreneur,Commerce,Start-up,Casablanca-Settat,335984
Coopérative,Artisanat,Start-up,Casablanca-Settat,442071
Coopérative,Agriculture,TPE,Fès-Meknès,50737
Coopérative,Tech,PME,Marrakech-Safi,224484
Coopérative,Commerce,Start-up,Rabat-Salé-Kénitra,328867
Auto-entrepreneur,Agriculture,Start-up,Casablanca-Settat,217870
Auto-entrepreneur,Commerce,TPE,Rabat-Salé-Kénitra,51881
Personne physique,Commerce,TPE,Autre,54052
Personne physique,Tech,Start-up,Autre,309979
Coopérative,Artisanat,PME,Fès-Meknès,160617
Coopérative,Tourisme,PME,Autre,209928
Coopérative,Industrie,TPE,Autre,94187
Personne physique,Artisanat,TPE,Marrakech-Safi,44925
Personne physique,Industrie,Start-up,Marrakech-Safi,403601
Personne physique,Tech,TPE,Marrakech-Safi,77903
Personne physique,Tech,Start-up,Autre,375236
Personne physique,Tech,PME,Fès-Meknès,267856
Personne physique,Agriculture,PME,Tanger-Tétouan,128805
Personne physique,Industrie,Start-up,Tanger-Tétouan,356316
Coopérative,Artisanat,TPE,Rabat-Salé-Kénitra,67201
Coopérative,Artisanat,PME,Tanger-Tétouan,207689
Coopérative,Commerce,TPE,Tanger-Tétouan,51005
Coopérative,Commerce,PME,Marrakech-Safi,158439
Personne physique,Commerce,Start-up,Marrakech-Safi,221622
Auto-entrepreneur,Tech,Start-up,Autre,403681
Personne physique,Artisanat,Start-up,Rabat-Salé-Kénitra,260303
Auto-entrepreneur,Industrie,PME,Casablanca-Settat,306422
Coopérative,Tech,TPE,Rabat-Salé-Kénitra,105867
Personne physique,Agriculture,TPE,Rabat-Salé-Kénitra,44414
Coopérative,Commerce,TPE,Fès-Meknès,51070
Personne physique,Tech,PME,Autre,211275
Coopérative,Tech,PME,Fès-Meknès,263022
Auto-entrepreneur,Agriculture,PME,Rabat-Salé-Kénitra,115006
Auto-entrepreneur,Tourisme,PME,Rabat-Salé-Kénitra,160158
Auto-entrepreneur,Artisanat,PME,Rabat-Salé-Kénitra,173513
Personne physique,Industrie,TPE,Tanger-Tétouan,69181
Auto-entrepreneur,Tourisme,PME,Fès-Meknès,153112
Personne physique,Commerce,PME,Rabat-Salé-Kénitra,167364
Auto-entrepreneur,Tech,TPE,Marrakech-Safi,72486
Auto-entrepreneur,Agriculture,PME,Autre,104069
Personne physique,Agriculture,TPE,Autre,39599
Personne physique,Artisanat,TPE,Marrakech-Safi,41104
Auto-entrepreneur,Tourisme,Start-up,Autre,294238
Personne physique,Artisanat,Start-up,Tanger-Tétouan,207482
Auto-entrepreneur,Tech,Start-up,Tanger-Tétouan,365768
Personne physique,Artisanat,Start-up,Casablanca-Settat,328884
Coopérative,Industrie,PME,Casablanca-Settat,419136
Coopérative,Agriculture,Start-up,Casablanca-Settat,270319
Coopérative,Agriculture,TPE,Autre,40597
Coopérative,Commerce,PME,Tanger-Tétouan,144626
Coopérative,Commerce,Start-up,Tanger-Tétouan,258668
Auto-entrepreneur,Tech,TPE,Tanger-Tétouan,66218
Coopérative,Industrie,PME,Marrakech-Safi,284102
Coopérative,Tourisme,PME,Tanger-Tétouan,159818
Coopérative,Artisanat,Start-up,Marrakech-Safi,242462
Coopérative,Tech,PME,Casablanca-Settat,396857
Personne physique,Commerce,TPE,Casablanca-Settat,61505
Auto-entrepreneur,Artisanat,PME,Autre,141221
Coopérative,Commerce,TPE,Casablanca-Settat,71837
Coopérative,Artisanat,PME,Autre,214226
Coopérative,Tourisme,Start-up,Rabat-Salé-Kénitra,260413
Auto-entrepreneur,Tech,TPE,Rabat-Salé-Kénitra,86947
Personne physique,Artisanat,PME,Fès-Meknès,166608
Auto-entrepreneur,Industrie,PME,Autre,186883
Personne physique,Agriculture,PME,Fès-Meknès,143362
Coopérative,Industrie,TPE,Fès-Meknès,81769
Coopérative,Industrie,TPE,Rabat-Salé-Kénitra,75548
Auto-entrepreneur,Agriculture,TPE,Autre,45269
Auto-entrepreneur,Industrie,Start-up,Rabat-Salé-Kénitra,406001
Personne physique,Artisanat,Start-up,Fès-Meknès,261721
Personne physique,Artisanat,TPE,Autre,43119
Auto-entrepreneur,Artisanat,PME,Fès-Meknès,148709
Personne physique,Agriculture,Start-up,Tanger-Tétouan,222444
Auto-entrepreneur,Industrie,TPE,Autre,69108
Personne physique,Agriculture,PME,Autre,110961
Auto-entrepreneur,Artisanat,Start-up,Fès-Meknès,200314
Auto-entrepreneur,Industrie,PME,Tanger-Tétouan,195681
Auto-entrepreneur,Industrie,PME,Marrakech-Safi,258786
Personne physique,Commerce,PME,Rabat-Salé-Kénitra,146504
Personne physique,Commerce,PME,Fès-Meknès,179054
Personne physique,Tourisme,Start-up,Autre,239570
Auto-entrepreneur,Tech,Start-up,Rabat-Salé-Kénitra,407277
Personne physique,Commerce,Start-up,Rabat-Salé-Kénitra,228191
Personne physique,Agriculture,TPE,Rabat-Salé-Kénitra,37820
Auto-entrepreneur,Commerce,Start-up,Marrakech-Safi,219072
Coopérative,Tourisme,PME,Casablanca-Settat,219685
Auto-entrepreneur,Industrie,Start-up,Fès-Meknès,382085
Personne physique,Tourisme,PME,Casablanca-Settat,233358
Auto-entrepreneur,Industrie,TPE,Casablanca-Settat,103903
Coopérative,Industrie,PME,Casablanca-Settat,308774
Auto-entrepreneur,Tech,PME,Rabat-Salé-Kénitra,184046
Personne physique,Commerce,PME,Tanger-Tétouan,127581
Coopérative,Agriculture,TPE,Rabat-Salé-Kénitra,49201
Personne physique,Agriculture,Start-up,Rabat-Salé-Kénitra,221212
Coopérative,Artisanat,Start-up,Autre,352850
Coopérative,Industrie,TPE,Autre,72569
Auto-entrepreneur,Agriculture,PME,Casablanca-Settat,157420
Auto-entrepreneur,Tech,Start-up,Rabat-Salé-Kénitra,370630
Personne physique,Industrie,TPE,Casablanca-Settat,103586
Auto-entrepreneur,Tech,Start-up,Autre,383936
Auto-entrepreneur,Agriculture,TPE,Tanger-Tétouan,42992
Coopérative,Agriculture,PME,Fès-Meknès,153105
Auto-entrepreneur,Artisanat,Start-up,Casablanca-Settat,275211
Coopérative,Agriculture,TPE,Tanger-Tétouan,53754
Coopérative,Industrie,Start-up,Fès-Meknès,382181
Coopérative,Industrie,Start-up,Marrakech-Safi,485735
Personne physique,Industrie,Start-up,Casablanca-Settat,471148
Personne physique,Artisanat,Start-up,Casablanca-Settat,326800
Personne physique,Artisanat,TPE,Marrakech-Safi,58065
Coopérative,Agriculture,PME,Marrakech-Safi,166457
Personne physique,Tourisme,TPE,Casablanca-Settat,73264
Personne physique,Tourisme,TPE,Marrakech-Safi,50202
Auto-entrepreneur,Artisanat,TPE,Rabat-Salé-Kénitra,54724
Personne physique,Agriculture,PME,Fès-Meknès,120619
Personne physique,Tourisme,Start-up,Fès-Meknès,286960
Coopérative,Agriculture,Start-up,Fès-Meknès,230666
Coopérative,Agriculture,Start-up,Rabat-Salé-Kénitra,285142
Coopérative,Agriculture,PME,Marrakech-Safi,168901
Coopérative,Commerce,Start-up,Tanger-Tétouan,328992
Coopérative,Industrie,PME,Marrakech-Safi,246176
Coopérative,Agriculture,Start-up,Casablanca-Settat,266030
Personne physique,Commerce,Start-up,Autre,285470
Coopérative,Artisanat,TPE,Fès-Meknès,51967
Coopérative,Tourisme,PME,Marrakech-Safi,205506
Auto-entrepreneur,Industrie,TPE,Tanger-Tétouan,74722
Personne physique,Tourisme,TPE,Casablanca-Settat,62570
Personne physique,Industrie,TPE,Rabat-Salé-Kénitra,87095
Personne physique,Tourisme,PME,Rabat-Salé-Kénitra,156231
Coopérative,Industrie,PME,Tanger-Tétouan,278274
Coopérative,Tourisme,Start-up,Casablanca-Settat,399167
Coopérative,Tourisme,TPE,Fès-Meknès,56908
Auto-entrepreneur,Tourisme,Start-up,Marrakech-Safi,278564
Coopérative,Tourisme,TPE,Casablanca-Settat,70287
Auto-entrepreneur,Artisanat,PME,Rabat-Salé-Kénitra,176333
Personne physique,Agriculture,PME,Tanger-Tétouan,138911
Coopérative,Tech,PME,Tanger-Tétouan,252447
Auto-entrepreneur,Commerce,TPE,Marrakech-Safi,54589
Auto-entrepreneur,Tech,PME,Tanger-Tétouan,231590
Coopérative,Tech,TPE,Tanger-Tétouan,84155
Personne physique,Industrie,Start-up,Casablanca-Settat,582761
Personne physique,Agriculture,TPE,Fès-Meknès,32403
Personne physique,Industrie,Start-up,Marrakech-Safi,337896
Auto-entrepreneur,Agriculture,TPE,Casablanca-Settat,52417
Auto-entrepreneur,Agriculture,Start-up,Fès-Meknès,201756
Auto-entrepreneur,Tourisme,PME,Casablanca-Settat,201936
Auto-entrepreneur,Artisanat,Start-up,Autre,275167
Personne physique,Tourisme,PME,Casablanca-Settat,204631
Coopérative,Artisanat,PME,Tanger-Tétouan,187220
Auto-entrepreneur,Industrie,Start-up,Fès-Meknès,308027
Auto-entrepreneur,Artisanat,TPE,Marrakech-Safi,47530
Personne physique,Industrie,TPE,Marrakech-Safi,66961
Coopérative,Tech,TPE,Fès-Meknès,81553
Coopérative,Tech,TPE,Tanger-Tétouan,91956
Personne physique,Artisanat,TPE,Rabat-Salé-Kénitra,43990
Personne physique,Artisanat,PME,Casablanca-Settat,178928
Coopérative,Industrie,TPE,Tanger-Tétouan,80535
Auto-entrepreneur,Tourisme,PME,Autre,176910
Coopérative,Industrie,PME,Fès-Meknès,318023
Personne physique,Tourisme,PME,Casablanca-Settat,203575
Auto-entrepreneur,Tech,Start-up,Marrakech-Safi,438678
Auto-entrepreneur,Agriculture,Start-up,Rabat-Salé-Kénitra,222865
Personne physique,Artisanat,PME,Autre,155396
Personne physique,Tourisme,Start-up,Marrakech-Safi,200643
Personne physique,Industrie,TPE,Fès-Meknès,83175
Coopérative,Tech,TPE,Casablanca-Settat,126476
Coopérative,Tourisme,PME,Fès-Meknès,188298
Auto-entrepreneur,Industrie,TPE,Casablanca-Settat,107656
Personne physique,Artisanat,PME,Tanger-Tétouan,150775
Auto-entrepreneur,Artisanat,PME,Rabat-Salé-Kénitra,162244
Auto-entrepreneur,Commerce,TPE,Tanger-Tétouan,58703
Auto-entrepreneur,Agriculture,Start-up,Tanger-Tétouan,190064
Auto-entrepreneur,Commerce,TPE,Fès-Meknès,54162
Personne physique,Tech,TPE,Rabat-Salé-Kénitra,74270
Auto-entrepreneur,Tourisme,PME,Casablanca-Settat,208603
Personne physique,Tech,PME,Casablanca-Settat,323258
Personne physique,Industrie,PME,Autre,184090
Coopérative,Artisanat,PME,Marrakech-Safi,190555
Personne physique,Commerce,Start-up,Autre,222674
Coopérative,Commerce,Start-up,Autre,320403
Personne physique,Commerce,Start-up,Casablanca-Settat,320882
Personne physique,Tech,PME,Fès-Meknès,249619
Personne physique,Artisanat,PME,Tanger-Tétouan,127404
Coopérative,Tourisme,PME,Tanger-Tétouan,189095
Coopérative,Industrie,Start-up,Tanger-Tétouan,410124
Auto-entrepreneur,Tourisme,PME,Rabat-Salé-Kénitra,171178
